<?xml version="1.0" encoding="UTF-8"?>
<!--Arbortext, Inc., 1988-2010, v.4002-->
<!DOCTYPE manifest SYSTEM "manifest.dtd">
<?Pub Inc?>
<!--====================================================================
 * Pratt & Whitney Canada Content@ Extract Manifest Sample
 * Purpose:	Each Content@ Extract will contain a single 
 *				manifiest.xml file at the root of the package.
 *				The manifest will contain the book part number,
 *				key, notification email(s) and status information,
 *				as well as a list of manifest-items.  The manifest-
 *				items will include any frontmatter, page-block,
 *				chapter, section, subject, ata-page-block, 
 *				graphic or sheet elements that will be burst into
 *				separate server objects during the ACM check-in.
 *	Attributes:	@object-key 	- ID attribute generated using element key format
 *				@status - status of the object
 *				@type	- node name
 *				@ACM-logical-id	- ACM system ID that is added during bursting
 *				@book-part-number	- unique part number of each book
 *				@notification-emails	- individuals who will be notified in 
 *				the event of an error during the update process.
=========================================================================-->
<manifest ACM-logical-id="TBD"
notification-emails="rlubben@ptc.com,ballen@ptc.com"
object-key="book-part-number">
<!--frontmatter @object-key format: manual-part-nbr.front-->
<?Pub Caret -2?>
<manifest-item object-key="book-art-number.front" status="New"
type="frontmatter"></manifest-item>
<!--page-block @object-key format: manual-part-nbr.pb-name-->
<manifest-item object-key="book-part-number.title-page" status="New"
type="page-block"></manifest-item>
<manifest-item object-key="book-part-number.chapsect" status="New"
type="page-block"></manifest-item>
<manifest-item object-key="book-part-number.trilist" status="New"
type="page-block"></manifest-item>
<manifest-item object-key="book-part-number.sblist" status="New"
type="page-block"></manifest-item>
<!--chapter @object-key format: manual-part-nbr.chapnbr-->
<manifest-item object-key="book-part-number.chapnbr" status="New"
type="chapter"></manifest-item>
<!--section @object-key format: manual-part-nbr.chapnbr.sectnbr-->
<manifest-item object-key="book-part-number.chapnbr.sectnbr" status="New"
type="section"></manifest-item>
<!--subject @object-key format: manual-part-nbr.chapnbr.sectnbr.subjnbr-->
<manifest-item object-key="book-part-number.chapnbr.sectnbr.subjnbr"
status="New" type="subject"></manifest-item>
<!--ata-page-block @object-key format: manual-part-nbr.chapnbr.sectnbr.subjnbr.pb-name-->
<manifest-item
object-key="book-part-number.chapnbr.sectnbr.subjnbr.pb-name"
status="New" type="ata-page-block"></manifest-item>
<!--graphic @object-key format: manual-part-nbr.graphic-nbr-->
<manifest-item object-key="book-part-number.graphic-nbr" status="New"
type="graphic"></manifest-item>
<!--sheet @object-key format: manual-part-nbr.graphic-nbr-->
<manifest-item object-key="book-part-number.graphic-nbr2" status="New"
type="sheet"></manifest-item>
</manifest>
<?Pub *0000003083 0?>
